[
  {
    "productName": "Maroon & Beige Printed Maxi Dress",
    "productId": "1",
    "productPrice": "39",
    "productDes": "Black solid woven accordian pleats A-line dress with waist tie-up, has a Peter Pan collar, three-quarter puff sleeves, button closure, flared hem\n\nSize & Fit\nThe model (height 5'8\") is wearing a size S\n\nMaterial & Care\nPoly crepe\nDry-clean",
    "productRating": 4.7,
    "productDisCount": "12%",
    "productHave": true,
    "productBrand": "Deewa",
    "productImage": "https://image.freepik.com/free-photo/excited-white-girl-bright-stylish-glasses-posing-pink-dreamy-curly-woman-playing-with-her-ginger-hair-laughing_197531-11045.jpg",
    "productCategory": "Clothing",
    "productNote": "Deewa"
  },
  {
    "productName": "Women Cateye SunGlass",
    "productId": "2",
    "productPrice": "27",
    "productDes": "Blue printed Cateye SunGlass, has a V-neck, short sleeves, flared hem\n\nSize & Fit\nSemi-fit\nThe model (height 5'8\") is wearing a size S\n\nMaterial & Care\nPolyester\nMachine-wash\n\n",
    "productRating": 3.2,
    "productDisCount": "",
    "productHave": false,
    "productBrand": "RARE Vibes",
    "productImage": "https://image.freepik.com/free-photo/ecstatic-white-girl-beret-posing-with-amazement-elegant-caucasian-female-model-t-shirt-standing-red-wall_197531-11462.jpg",
    "productCategory": "Clothing",
    "productNote": "RARE Vibes"
  },
  {
    "productName": "Cateye Sunglasses",
    "productId": "3",
    "productPrice": "23",
    "productDes": "Lens colour: Black\nLens feature: UV Protected Lens\nFrame material: Plastic and Metal\nFrame style: Full Rim\nBest suited for: Oval face shape\nComes in a DressBerry cover\nWarranty: 6 months\nWarranty provided by brand/manufacturer\n\nMaterial & Care\nPlastic\nRemove dust and grime by gently wiping the lens with a cloth\n\n",
    "productRating": 4.2,
    "productDisCount": "10%",
    "productHave": true,
    "productBrand": "Cateye Glass",
    "productImage": "https://image.freepik.com/free-photo/portrait-pretty-lady-red-warm-jacket-stylish-eyeglasses_197531-15046.jpg",
    "productCategory": "Clothing",
    "productNote": "Cateye Glass"
  },
  {
    "productName": "Unisex Aviator Sunglasses",
    "productId": "4",
    "productPrice": "41",
    "productDes": "Lens colour: Black\nLens feature: UV Protected Lens\nFrame material: Plastic and Metal\nFrame style: Full Rim\nBest suited for: Oval face shape\nComes in a DressBerry cover\nWarranty: 6 months\nWarranty provided by brand/manufacturer\n\nMaterial & Care\nPlastic\nRemove dust and grime by gently wiping the lens with a cloth\n\n",
    "productRating": 3,
    "productDisCount": "16%",
    "productHave": true,
    "productBrand": "ROYAL SON",
    "productImage": "https://image.freepik.com/free-photo/appealing-young-woman-sparkle-sunglasses-looking-distance-portrait-glamorous-european-model-with-short-haircut-smiling_197531-20541.jpg",
    "productCategory": "Clothing",
    "productNote": "ROYAL SON"
  },
  {
    "productName": "Accordian Pleats A-Line Dress",
    "productId": "5",
    "productPrice": "39",
    "productDes": "Black solid woven accordian pleats A-line dress with waist tie-up, has a Peter Pan collar, three-quarter puff sleeves, button closure, flared hem\n\nSize & Fit\nThe model (height 5'8\") is wearing a size S\n\nMaterial & Care\nPoly crepe\nDry-clean",
    "productRating": 4.5,
    "productDisCount": "",
    "productHave": false,
    "productBrand": "SASSAFRAS",
    "productImage": "https://image.freepik.com/free-photo/stylish-woman-cap-outfits-from-80s-posing-purple-wall_197531-16622.jpg",
    "productCategory": "Clothing",
    "productNote": "SASSAFRAS"
  },
  {
    "productName": "Men Maroon Printed Round Neck T-shirt",
    "productId": "6",
    "productPrice": "29",
    "productDes": "Maroon printed T-shirt, has a round neck, and short sleeves\n\nSize & Fit\nThe model (height 6') is wearing a size M\n\nMaterial & Care\nMaterial: 100% cotton\nMachine Wash",
    "productRating": 4.5,
    "productDisCount": "",
    "productHave": false,
    "productBrand": "HERE&NOW",
    "productImage": "https://image.freepik.com/free-photo/handsome-smiling-man-white-clothes-looking-pointing-finger-left-banner-standing-yellow-background_1258-40802.jpg",
    "productCategory": "Clothing",
    "productNote": "HERE&NOW"
  },

  {
    "productName": "Yamaha F 310p Acoustic Guitar",
    "productId": "7",
    "productPrice": "32",
    "productDes": "Maroon printed T-shirt, has a round neck, and short sleeves\n\nSize & Fit\nThe model (height 6') is wearing a size M\n\nMaterial & Care\nMaterial: 100% cotton\nMachine Wash",
    "productRating": 4.5,
    "productDisCount": "",
    "productHave": false,
    "productBrand": "Yamaha",
    "productImage": "https://s3-ap-southeast-1.amazonaws.com/media.evaly.com.bd/media/images/eab94ee10b4b-yamaha-f310-acoustic-guitar-wooden-china-1.jpg",
    "productCategory": "acoustic guitar",
    "productNote": "Yamaha"
  },
  {
    "productName": "Custom Made New Accoustic Guitar - Natural",
    "productId": "8",
    "productPrice": "36",
    "productDes": "Maroon printed T-shirt, has a round neck, and short sleeves\n\nSize & Fit\nThe model (height 6') is wearing a size M\n\nMaterial & Care\nMaterial: 100% cotton\nMachine Wash",
    "productRating": 3,
    "productDisCount": "10%",
    "productHave": true,
    "productBrand": "GSBD",
    "productImage": "https://static-01.daraz.com.bd/p/3c35318b6c924e65480d8979bbd36d53.jpg",
    "productCategory": "acoustic guitar",
    "productNote": "GSBD"
  },
  {
    "productName": "Acoustic guitar & semi electric guitar",
    "productId": "9",
    "productPrice": "34",
    "productDes": "Maroon printed T-shirt, has a round neck, and short sleeves\n\nSize & Fit\nThe model (height 6') is wearing a size M\n\nMaterial & Care\nMaterial: 100% cotton\nMachine Wash",
    "productRating": 4.0,
    "productDisCount": "15%",
    "productHave": true,
    "productBrand": "GSBD",
    "productImage": "https://static-01.daraz.com.bd/p/0f819b544621e227beae14afcf74b8c4.jpg",
    "productCategory": "acoustic guitar",
    "productNote": "GSBD"
  },
  {
    "productName": "Acoustic Guitar - 41\" - Sandy Brown",
    "productId": "10",
    "productPrice": "42",
    "productDes": "Maroon printed T-shirt, has a round neck, and short sleeves\n\nSize & Fit\nThe model (height 6') is wearing a size M\n\nMaterial & Care\nMaterial: 100% cotton\nMachine Wash",
    "productRating": 4.5,
    "productDisCount": "",
    "productHave": false,
    "productBrand": "DEVISER",
    "productImage": "https://static-01.daraz.com.bd/original/fd3e3987f865edd9945337188f4573ae.jpg",
    "productCategory": "acoustic guitar",
    "productNote": "DEVISER"
  }
]