{
  "project_info": {
    "project_number": "568803175959",
    "project_id": "buynow-fcd4c",
    "storage_bucket": "buynow-fcd4c.appspot.com"
  },
  "client": [
    {
      "client_info": {
        "mobilesdk_app_id": "1:568803175959:android:6bc1945db8d29139dfb652",
        "android_client_info": {
          "package_name": "com.example.buynow"
        }
      },
      "oauth_client": [],
      "api_key": [
        {
          "current_key": "AIzaSyDWSzOMhWaQ_VcW4DCsX0aPivEFRbD__q4"
        }
      ],
      "services": {
        "appinvite_service": {
          "other_platform_oauth_client": []
        }
      }
    }
  ],
  "configuration_version": "1"
}